city_slug,name,category,type,subtypes,audiences,occasions,lat,lng,address,website,reservation_url,price_level,budget,indoor_outdoor,energy_level,family_friendly,nightlife_fit,duration_min,manual_boost,data_confidence,source_primary,import_batch,notes,candidate_score
hamburg-hamburg,FuhlsGarden,activity,park,{zoo},"{family,tourism}","{family,tourism}",53.6000474,10.0519079,,,https://www.fuhlsgarden.de/,,medium,outdoor,medium,true,false,150,14,0.90,manual_seed,hamburg_auto_candidates_v1,auto_candidate:zoo,15
hamburg-hamburg,Grünanlage Warnckesweg,activity,park,{zoo},"{family,tourism}","{family,tourism}",53.609719,9.9707278,,,https://lebendigesgrossborstel.de/p_gruenanlage-warnckesweg/,,medium,outdoor,medium,true,false,150,14,0.90,manual_seed,hamburg_auto_candidates_v1,auto_candidate:zoo,15
hamburg-hamburg,Grüne Mitte Hohenfelde,activity,park,{zoo},"{family,tourism}","{family,tourism}",53.5615543,10.0236127,,,https://www.hamburg.de/hamburg-nord/projekte-im-bau/4611910/gruenemittehohenfelde/,,medium,outdoor,medium,true,false,150,14,0.90,manual_seed,hamburg_auto_candidates_v1,auto_candidate:zoo,15
hamburg-hamburg,KL!CK Kindermuseum,activity,museum,{aquarium},"{family,tourism}","{family,tourism}",53.5826463,9.852832,,,https://www.kindermuseum-hamburg.de/,,medium,indoor,low,true,false,120,13,0.90,manual_seed,hamburg_auto_candidates_v1,auto_candidate:aquarium,12
hamburg-hamburg,KL!CK Kindermuseum,activity,museum,{aquarium},"{family,tourism}","{family,tourism}",53.5877017,9.8483479,,,https://www.kindermuseum-hamburg.de/,,medium,indoor,low,true,false,120,13,0.90,manual_seed,hamburg_auto_candidates_v1,auto_candidate:aquarium,12
hamburg-hamburg,Science Center Wald,activity,museum,{aquarium},"{family,tourism}","{family,tourism}",53.496196,10.0029607,,,,,medium,indoor,low,true,false,120,13,0.90,manual_seed,hamburg_auto_candidates_v1,auto_candidate:aquarium,12
hamburg-hamburg,Kinderspielplatz Kiefernberg,activity,park,{playground},{family},{family},53.4643803,9.9517406,,,,,medium,outdoor,medium,true,false,45,9,0.90,manual_seed,hamburg_auto_candidates_v1,auto_candidate:playground,27
hamburg-hamburg,Spielplatz Silbersackstraße,activity,park,{playground},{family},{family},53.5487,9.9587679,,,,,medium,outdoor,medium,true,false,45,9,0.90,manual_seed,hamburg_auto_candidates_v1,auto_candidate:playground,27
hamburg-hamburg,Spielplatz „Rollerbahn“,activity,park,{playground},{family},{family},53.5855567,10.0688251,,,,,medium,outdoor,medium,true,false,45,9,0.90,manual_seed,hamburg_auto_candidates_v1,auto_candidate:playground,27
hamburg-hamburg,Altonaer Museum,culture,museum,{children_museum},"{family,tourism}","{family,tourism}",53.5491217,9.9341947,,,https://www.altonaermuseum.de/,,medium,indoor,low,true,false,90,11,0.90,manual_seed,hamburg_auto_candidates_v1,auto_candidate:children_museum,16
hamburg-hamburg,Archäologisches Museum Hamburg,culture,museum,{children_museum},"{family,tourism}","{family,tourism}",53.4586855,9.9792684,,,https://amh.de/,,medium,indoor,low,true,false,90,11,0.90,manual_seed,hamburg_auto_candidates_v1,auto_candidate:children_museum,16
hamburg-hamburg,BallinStadt,culture,museum,{children_museum},"{family,tourism}","{family,tourism}",53.5204147,10.0169574,,,https://www.ballinstadt.de/,,medium,indoor,low,true,false,90,11,0.90,manual_seed,hamburg_auto_candidates_v1,auto_candidate:children_museum,16
hamburg-hamburg,Afrikanische Löwen,culture,attraction,{science_center},"{family,tourism}","{family,tourism}",53.59605,9.9367155,,,https://www.hagenbeck.de/de/tierpark/tiere/steckbriefe/loewe_afrikanischer.php,,medium,indoor,low,true,false,120,11,0.90,manual_seed,hamburg_auto_candidates_v1,auto_candidate:science_center,12
hamburg-hamburg,Asiatische Elefanten,culture,attraction,{science_center},"{family,tourism}","{family,tourism}",53.5959696,9.9409412,,,https://www.hagenbeck.de/de/tierpark/tiere/steckbriefe/elefant_asiatischer.php,,medium,indoor,low,true,false,120,11,0.90,manual_seed,hamburg_auto_candidates_v1,auto_candidate:science_center,12
hamburg-hamburg,Asiatische Kamele,culture,attraction,{science_center},"{family,tourism}","{family,tourism}",53.5963503,9.9399957,,,https://www.hagenbeck.de/de/tierpark/tiere/steckbriefe/kamel_asiatisches.php,,medium,indoor,low,true,false,120,11,0.90,manual_seed,hamburg_auto_candidates_v1,auto_candidate:science_center,12
hamburg-hamburg,Schöne Aussichten,culture,cafe,"{viewpoint,romantic_spot}","{date,tourism}","{date,tourism}",53.5584525,9.9857466,,,,,medium,outdoor,low,false,false,45,12,0.90,manual_seed,hamburg_auto_candidates_v1,auto_candidate:viewpoint,15
hamburg-hamburg,Panorama,culture,restaurant,"{viewpoint,romantic_spot}","{date,tourism}","{date,tourism}",53.4832306,10.1749787,,,,,medium,outdoor,low,false,false,45,12,0.90,manual_seed,hamburg_auto_candidates_v1,auto_candidate:viewpoint,15
hamburg-hamburg,Chapman-Zebras,culture,attraction,"{viewpoint,romantic_spot}","{date,tourism}","{date,tourism}",53.5956642,9.9363229,,,https://www.hagenbeck.de/de/tierpark/tiere/steckbriefe/zebra_chapman.php,,medium,outdoor,low,false,false,45,12,0.90,manual_seed,hamburg_auto_candidates_v1,auto_candidate:viewpoint,12
hamburg-hamburg,Alsterufer - Warburgstraße,activity,park,{promenade},"{date,friends,tourism}","{date,friends,tourism}",53.5630805,9.9969366,,,,,medium,outdoor,low,false,false,60,10,0.90,manual_seed,hamburg_auto_candidates_v1,auto_candidate:promenade,24
hamburg-hamburg,Berufliche Schule Uferstraße,activity,sports_centre,{promenade},"{date,friends,tourism}","{date,friends,tourism}",53.57191,10.0374796,,,,,medium,outdoor,low,false,false,60,10,0.90,manual_seed,hamburg_auto_candidates_v1,auto_candidate:promenade,18
hamburg-hamburg,Ufer,activity,cafe,{promenade},"{date,friends,tourism}","{date,friends,tourism}",53.5784734,9.9745541,,,https://www.ufer-hamburg.de/,,medium,outdoor,low,false,false,60,10,0.90,manual_seed,hamburg_auto_candidates_v1,auto_candidate:promenade,15
hamburg-hamburg,Rooftop Dune,nightlife,nightclub,"{rooftop,rooftop_bar,cocktail_bar}","{date,friends,party,tourism}","{date,friends,party,tourism}",53.5504047,9.9573679,,,,,medium,mixed,medium,false,true,120,13,0.90,manual_seed,hamburg_auto_candidates_v1,auto_candidate:rooftop,27
hamburg-hamburg,The Cloud One - Rooftop Bar,nightlife,bar,"{rooftop,rooftop_bar,cocktail_bar}","{date,friends,party,tourism}","{date,friends,party,tourism}",53.5479101,9.9995213,,,,,medium,mixed,medium,false,true,120,13,0.90,manual_seed,hamburg_auto_candidates_v1,auto_candidate:rooftop,27
hamburg-hamburg,RoofDrop Bar,nightlife,bar,"{rooftop,rooftop_bar,cocktail_bar}","{date,friends,party,tourism}","{date,friends,party,tourism}",53.5483843,10.009817,,,,,medium,mixed,medium,false,true,120,13,0.90,manual_seed,hamburg_auto_candidates_v1,auto_candidate:rooftop,15
hamburg-hamburg,Gilde Bowling 44,activity,bowling_alley,{bowling},"{date,friends}","{date,friends}",53.5576262,9.9006131,,,,,medium,indoor,medium,false,false,90,10,0.90,manual_seed,hamburg_auto_candidates_v1,auto_candidate:bowling,23
hamburg-hamburg,U.S. FUN Bowling,activity,bowling_alley,{bowling},"{date,friends}","{date,friends}",53.5746678,10.0356297,,,,,medium,indoor,medium,false,false,90,10,0.90,manual_seed,hamburg_auto_candidates_v1,auto_candidate:bowling,23
hamburg-hamburg,Alstereck VfW e.V.,activity,sports_centre,{bowling},"{date,friends}","{date,friends}",53.6326364,10.0335546,,,https://www.alstereck.de/,,medium,indoor,medium,false,false,90,10,0.90,manual_seed,hamburg_auto_candidates_v1,auto_candidate:bowling,11
hamburg-hamburg,Crazy Minigolf - Hammer Park,activity,miniature_golf,{minigolf},"{date,friends,family}","{date,friends,family}",53.5591321,10.0597659,,,https://www.crazy-minigolf.de/,,medium,mixed,medium,true,false,75,9,0.90,manual_seed,hamburg_auto_candidates_v1,auto_candidate:minigolf,23
hamburg-hamburg,Minigolf by Café Blomen,activity,miniature_golf,{minigolf},"{date,friends,family}","{date,friends,family}",53.5525331,9.972155,,,https://plantenunblomen.hamburg.de/minigolf-trampolin/,,medium,mixed,medium,true,false,75,9,0.90,manual_seed,hamburg_auto_candidates_v1,auto_candidate:minigolf,23
hamburg-hamburg,miniGOLF Hamburg Horn,activity,miniature_golf,{minigolf},"{date,friends,family}","{date,friends,family}",53.5606291,10.0846519,,,https://www.minigolfplatz.com/,,medium,mixed,medium,true,false,75,9,0.90,manual_seed,hamburg_auto_candidates_v1,auto_candidate:minigolf,23
hamburg-hamburg,Boulderwelt Hamburg,activity,sports_centre,{climbing},"{date,friends}","{date,friends}",53.5540145,10.0208859,,,https://www.boulderwelt-hamburg.de/,,medium,indoor,high,false,false,120,9,0.90,manual_seed,hamburg_auto_candidates_v1,auto_candidate:climbing,23
hamburg-hamburg,urban apes Boulderquartier Hamburg,activity,sports_centre,{climbing},"{date,friends}","{date,friends}",53.5773556,10.080113,,,https://www.urbanapes.de/hamburg-ost/,,medium,indoor,high,false,false,120,9,0.90,manual_seed,hamburg_auto_candidates_v1,auto_candidate:climbing,23
hamburg-hamburg,DAV Kletterzentrum,activity,sports_centre,{climbing},"{date,friends}","{date,friends}",53.5971843,9.952804,,,,,medium,indoor,high,false,false,120,9,0.90,manual_seed,hamburg_auto_candidates_v1,auto_candidate:climbing,23
hamburg-hamburg,Lasertag Harburg,activity,sports_centre,{lasertag},{friends},{friends},53.4517863,9.9858554,,,http://lasertagharburg.de/,,medium,indoor,high,false,false,90,9,0.90,manual_seed,hamburg_auto_candidates_v1,auto_candidate:lasertag,23
hamburg-hamburg,"Otto-von-Bahren-Park, Gebäude T",activity,attraction,{lasertag},{friends},{friends},53.5636894,9.9154885,,,,,medium,indoor,high,false,false,90,9,0.90,manual_seed,hamburg_auto_candidates_v1,auto_candidate:lasertag,12
hamburg-hamburg,Park Fiction,activity,attraction,{lasertag},{friends},{friends},53.5461929,9.9570813,,,,,medium,indoor,high,false,false,90,9,0.90,manual_seed,hamburg_auto_candidates_v1,auto_candidate:lasertag,12
hamburg-hamburg,Töpferkrug,activity,bar,{workshop_pottery},"{date,friends}","{date,friends}",53.4858582,10.2145544,,,,,medium,indoor,low,false,false,120,9,0.90,manual_seed,hamburg_auto_candidates_v1,auto_candidate:workshop_pottery,15
hamburg-hamburg,Affenfaust Galerie,activity,gallery,{workshop_pottery},"{date,friends}","{date,friends}",53.5532756,9.9561977,,,https://affenfaustgalerie.de/,,medium,indoor,low,false,false,120,9,0.90,manual_seed,hamburg_auto_candidates_v1,auto_candidate:workshop_pottery,9
hamburg-hamburg,Daniel und die Kunst,activity,gallery,{workshop_pottery},"{date,friends}","{date,friends}",53.5516459,9.8962416,,,https://www.danielunddiekunst.com,,medium,indoor,low,false,false,120,9,0.90,manual_seed,hamburg_auto_candidates_v1,auto_candidate:workshop_pottery,9
hamburg-hamburg,Farbfluss Atelier,activity,gallery,{workshop_painting},"{date,friends}","{date,friends}",53.5688477,9.9565815,,,,,medium,indoor,low,false,false,120,9,0.90,manual_seed,hamburg_auto_candidates_v1,auto_candidate:workshop_painting,13
hamburg-hamburg,Habibi Atelier,activity,gallery,{workshop_painting},"{date,friends}","{date,friends}",53.4599993,9.9811498,,,,,medium,indoor,low,false,false,120,9,0.90,manual_seed,hamburg_auto_candidates_v1,auto_candidate:workshop_painting,13
hamburg-hamburg,grafisch Werbeatelier,activity,gallery,{workshop_painting},"{date,friends}","{date,friends}",53.5523267,9.9647551,,,,,medium,indoor,low,false,false,120,9,0.90,manual_seed,hamburg_auto_candidates_v1,auto_candidate:workshop_painting,13
hamburg-hamburg,Tanzschule Tango Chocolate,nightlife,nightclub,{nightclub},"{friends,party}","{friends,party}",53.5788602,10.0457216,,,https://tango-chocolate.de/,,medium,indoor,high,false,true,180,14,0.90,manual_seed,hamburg_auto_candidates_v1,auto_candidate:nightclub,34
hamburg-hamburg,BASEMENT XXV,nightlife,nightclub,{nightclub},"{friends,party}","{friends,party}",53.5534784,10.0151048,,,http://www.basementxxv.de,,medium,indoor,high,false,true,180,14,0.90,manual_seed,hamburg_auto_candidates_v1,auto_candidate:nightclub,30
hamburg-hamburg,Bahnhof Pauli,nightlife,nightclub,{nightclub},"{friends,party}","{friends,party}",53.5490694,9.9641573,,,https://bahnhofpauli.de,,medium,indoor,high,false,true,180,14,0.90,manual_seed,hamburg_auto_candidates_v1,auto_candidate:nightclub,30
hamburg-hamburg,1910 e.V. Weinbar,nightlife,bar,"{nightclub,disco}","{friends,party}","{friends,party}",53.5545459,9.9689931,,,http://www.keinweindenfaschisten.de/,,medium,indoor,high,false,true,180,14,0.90,manual_seed,hamburg_auto_candidates_v1,auto_candidate:disco,14
hamburg-hamburg,20up,nightlife,bar,"{nightclub,disco}","{friends,party}","{friends,party}",53.5472091,9.9633526,,,https://www.empire-riverside.de/de/hotel-restaurant-bars-hamburg/,,medium,indoor,high,false,true,180,14,0.90,manual_seed,hamburg_auto_candidates_v1,auto_candidate:disco,14
hamburg-hamburg,85-Lounge,nightlife,bar,"{nightclub,disco}","{friends,party}","{friends,party}",53.546515,10.0934048,,,http://www.85-lounge.de/,,medium,indoor,high,false,true,180,14,0.90,manual_seed,hamburg_auto_candidates_v1,auto_candidate:disco,14
hamburg-hamburg,Big Döner House,restaurant,fast_food,{late_food},"{friends,party}","{friends,party}",53.4712938,9.8540785,,,,,medium,indoor,late,false,true,30,8,0.90,manual_seed,hamburg_auto_candidates_v1,auto_candidate:late_food,31
hamburg-hamburg,Djengo's Döner,restaurant,fast_food,{late_food},"{friends,party}","{friends,party}",53.5583143,9.9491598,,,,,medium,indoor,late,false,true,30,8,0.90,manual_seed,hamburg_auto_candidates_v1,auto_candidate:late_food,31
hamburg-hamburg,Sel Kebap's,restaurant,fast_food,{late_food},"{friends,party}","{friends,party}",53.5400853,10.1026175,,,,,medium,indoor,late,false,true,30,8,0.90,manual_seed,hamburg_auto_candidates_v1,auto_candidate:late_food,31
